qtdNumeros;qtdThreads;aceleracao;eficiencia;tempoExecucao;tempoSequencial
1000;1;1.177778;0.294444;0.000090;0.000106
1000;2;0.436817;0.109204;0.000256;0.000112
1000;4;0.462428;0.115607;0.000242;0.000112
1000000;1;1.002788;0.250697;0.339572;0.340519
1000000;2;1.414067;0.353517;0.240890;0.340635
1000000;4;1.392820;0.348205;0.245593;0.342067
10000000;1;0.997291;0.249323;8.120304;8.098308
10000000;2;1.861608;0.465402;4.352678;8.102982
10000000;4;2.873739;0.718435;2.820876;8.106462
